<?xml version="1.0" encoding="UTF-8"?>
<project-private xmlns="http://www.netbeans.org/ns/project-private/1">
    <editor-bookmarks xmlns="http://www.netbeans.org/ns/editor-bookmarks/2" lastBookmarkId="0"/>
    <open-files xmlns="http://www.netbeans.org/ns/projectui-open-files/2">
        <group>
            <file>file:/D:/Data%20Files/Work%20Related/Winter%202021/CIS%20427/workdir/multiclient-java-jpb-1/src/ClientHandler.java</file>
            <file>file:/D:/Data%20Files/Work%20Related/Winter%202021/CIS%20427/workdir/multiclient-java-jpb-1/src/MultiServerJPB1.java</file>
            <file>file:/D:/Data%20Files/Work%20Related/Winter%202021/CIS%20427/workdir/multiclient-java-jpb-1/src/ClientJPB1.java</file>
        </group>
    </open-files>
</project-private>
